[
  {
    "exit_code": 0,
    "version": "N/A",
    "unstable_restarts": 0,
    "restart_time": 1,
    "created_at": 1747166903848,
    "axm_dynamic": {},
    "axm_options": {},
    "axm_monitor": {},
    "axm_actions": [],
    "pm_uptime": 1747166904271,
    "status": "online",
    "unique_id": "e792e430-16cd-42be-81b9-b89ad48d2483",
    "PM2_HOME": "/home/fabio/.pm2",
    "PM2_USAGE": "CLI",
    "_": "/usr/local/bin/pm2",
    "OLDPWD": "/home/fabio/Publicsync/Backend",
    "SSH_TTY": "/dev/pts/0",
    "DBUS_SESSION_BUS_ADDRESS": "unix:path=/run/user/1000/bus",
    "PATH": "/home/fabio/Publicsync/Backend/venv/bin:/usr/local/sbin:/usr/local/bin:/usr/sbin:/usr/bin:/sbin:/bin:/usr/games:/usr/local/games:/snap/bin",
    "XDG_DATA_DIRS": "/usr/local/share:/usr/share:/var/lib/snapd/desktop",
    "SSH_CLIENT": "192.168.0.24 60396 22",
    "PS1": "(venv) \\[\\e]0;\\u@\\h: \\w\\a\\]${debian_chroot:+($debian_chroot)}\\[\\033[01;32m\\]\\u@\\h\\[\\033[00m\\]:\\[\\033[01;34m\\]\\w\\[\\033[00m\\]\\$ ",
    "XDG_RUNTIME_DIR": "/run/user/1000",
    "VIRTUAL_ENV_PROMPT": "venv",
    "XDG_SESSION_ID": "1",
    "SHLVL": "1",
    "USER": "fabio",
    "LESSOPEN": "| /usr/bin/lesspipe %s",
    "TERM": "xterm-256color",
    "XDG_SESSION_CLASS": "user",
    "LESSCLOSE": "/usr/bin/lesspipe %s %s",
    "SSH_CONNECTION": "192.168.0.24 60396 192.168.0.5 22",
    "VIRTUAL_ENV": "/home/fabio/Publicsync/Backend/venv",
    "LS_COLORS": "rs=0:di=01;34:ln=01;36:mh=00:pi=40;33:so=01;35:do=01;35:bd=40;33;01:cd=40;33;01:or=40;31;01:mi=00:su=37;41:sg=30;43:ca=00:tw=30;42:ow=34;42:st=37;44:ex=01;32:*.tar=01;31:*.tgz=01;31:*.arc=01;31:*.arj=01;31:*.taz=01;31:*.lha=01;31:*.lz4=01;31:*.lzh=01;31:*.lzma=01;31:*.tlz=01;31:*.txz=01;31:*.tzo=01;31:*.t7z=01;31:*.zip=01;31:*.z=01;31:*.dz=01;31:*.gz=01;31:*.lrz=01;31:*.lz=01;31:*.lzo=01;31:*.xz=01;31:*.zst=01;31:*.tzst=01;31:*.bz2=01;31:*.bz=01;31:*.tbz=01;31:*.tbz2=01;31:*.tz=01;31:*.deb=01;31:*.rpm=01;31:*.jar=01;31:*.war=01;31:*.ear=01;31:*.sar=01;31:*.rar=01;31:*.alz=01;31:*.ace=01;31:*.zoo=01;31:*.cpio=01;31:*.7z=01;31:*.rz=01;31:*.cab=01;31:*.wim=01;31:*.swm=01;31:*.dwm=01;31:*.esd=01;31:*.avif=01;35:*.jpg=01;35:*.jpeg=01;35:*.mjpg=01;35:*.mjpeg=01;35:*.gif=01;35:*.bmp=01;35:*.pbm=01;35:*.pgm=01;35:*.ppm=01;35:*.tga=01;35:*.xbm=01;35:*.xpm=01;35:*.tif=01;35:*.tiff=01;35:*.png=01;35:*.svg=01;35:*.svgz=01;35:*.mng=01;35:*.pcx=01;35:*.mov=01;35:*.mpg=01;35:*.mpeg=01;35:*.m2v=01;35:*.mkv=01;35:*.webm=01;35:*.webp=01;35:*.ogm=01;35:*.mp4=01;35:*.m4v=01;35:*.mp4v=01;35:*.vob=01;35:*.qt=01;35:*.nuv=01;35:*.wmv=01;35:*.asf=01;35:*.rm=01;35:*.rmvb=01;35:*.flc=01;35:*.avi=01;35:*.fli=01;35:*.flv=01;35:*.gl=01;35:*.dl=01;35:*.xcf=01;35:*.xwd=01;35:*.yuv=01;35:*.cgm=01;35:*.emf=01;35:*.ogv=01;35:*.ogx=01;35:*.aac=00;36:*.au=00;36:*.flac=00;36:*.m4a=00;36:*.mid=00;36:*.midi=00;36:*.mka=00;36:*.mp3=00;36:*.mpc=00;36:*.ogg=00;36:*.ra=00;36:*.wav=00;36:*.oga=00;36:*.opus=00;36:*.spx=00;36:*.xspf=00;36:*~=00;90:*#=00;90:*.bak=00;90:*.crdownload=00;90:*.dpkg-dist=00;90:*.dpkg-new=00;90:*.dpkg-old=00;90:*.dpkg-tmp=00;90:*.old=00;90:*.orig=00;90:*.part=00;90:*.rej=00;90:*.rpmnew=00;90:*.rpmorig=00;90:*.rpmsave=00;90:*.swp=00;90:*.tmp=00;90:*.ucf-dist=00;90:*.ucf-new=00;90:*.ucf-old=00;90:",
    "LANG": "pt_PT.UTF-8",
    "HOME": "/home/fabio",
    "XDG_SESSION_TYPE": "tty",
    "LOGNAME": "fabio",
    "PWD": "/home/fabio/Publicsync/Backend",
    "SHELL": "/bin/bash",
    "NODE_APP_INSTANCE": 0,
    "vizion_running": false,
    "km_link": false,
    "pm_pid_path": "/home/fabio/.pm2/pids/backend-api-0.pid",
    "pm_err_log_path": "/home/fabio/.pm2/logs/backend-api-error.log",
    "pm_out_log_path": "/home/fabio/.pm2/logs/backend-api-out.log",
    "exec_mode": "fork_mode",
    "exec_interpreter": "none",
    "pm_cwd": "/home/fabio/Publicsync/Backend",
    "pm_exec_path": "/usr/bin/bash",
    "node_args": [],
    "name": "backend-api",
    "filter_env": [],
    "namespace": "default",
    "args": [
      "-c",
      "venv/bin/python -m uvicorn app:app --host 0.0.0.0 --port 8000"
    ],
    "env": {
      "unique_id": "e792e430-16cd-42be-81b9-b89ad48d2483",
      "backend-api": {},
      "PM2_HOME": "/home/fabio/.pm2",
      "PM2_USAGE": "CLI",
      "_": "/usr/local/bin/pm2",
      "OLDPWD": "/home/fabio/Publicsync/Backend",
      "SSH_TTY": "/dev/pts/0",
      "DBUS_SESSION_BUS_ADDRESS": "unix:path=/run/user/1000/bus",
      "PATH": "/home/fabio/Publicsync/Backend/venv/bin:/usr/local/sbin:/usr/local/bin:/usr/sbin:/usr/bin:/sbin:/bin:/usr/games:/usr/local/games:/snap/bin",
      "XDG_DATA_DIRS": "/usr/local/share:/usr/share:/var/lib/snapd/desktop",
      "SSH_CLIENT": "192.168.0.24 60396 22",
      "PS1": "(venv) \\[\\e]0;\\u@\\h: \\w\\a\\]${debian_chroot:+($debian_chroot)}\\[\\033[01;32m\\]\\u@\\h\\[\\033[00m\\]:\\[\\033[01;34m\\]\\w\\[\\033[00m\\]\\$ ",
      "XDG_RUNTIME_DIR": "/run/user/1000",
      "VIRTUAL_ENV_PROMPT": "venv",
      "XDG_SESSION_ID": "1",
      "SHLVL": "1",
      "USER": "fabio",
      "LESSOPEN": "| /usr/bin/lesspipe %s",
      "TERM": "xterm-256color",
      "XDG_SESSION_CLASS": "user",
      "LESSCLOSE": "/usr/bin/lesspipe %s %s",
      "SSH_CONNECTION": "192.168.0.24 60396 192.168.0.5 22",
      "VIRTUAL_ENV": "/home/fabio/Publicsync/Backend/venv",
      "LS_COLORS": "rs=0:di=01;34:ln=01;36:mh=00:pi=40;33:so=01;35:do=01;35:bd=40;33;01:cd=40;33;01:or=40;31;01:mi=00:su=37;41:sg=30;43:ca=00:tw=30;42:ow=34;42:st=37;44:ex=01;32:*.tar=01;31:*.tgz=01;31:*.arc=01;31:*.arj=01;31:*.taz=01;31:*.lha=01;31:*.lz4=01;31:*.lzh=01;31:*.lzma=01;31:*.tlz=01;31:*.txz=01;31:*.tzo=01;31:*.t7z=01;31:*.zip=01;31:*.z=01;31:*.dz=01;31:*.gz=01;31:*.lrz=01;31:*.lz=01;31:*.lzo=01;31:*.xz=01;31:*.zst=01;31:*.tzst=01;31:*.bz2=01;31:*.bz=01;31:*.tbz=01;31:*.tbz2=01;31:*.tz=01;31:*.deb=01;31:*.rpm=01;31:*.jar=01;31:*.war=01;31:*.ear=01;31:*.sar=01;31:*.rar=01;31:*.alz=01;31:*.ace=01;31:*.zoo=01;31:*.cpio=01;31:*.7z=01;31:*.rz=01;31:*.cab=01;31:*.wim=01;31:*.swm=01;31:*.dwm=01;31:*.esd=01;31:*.avif=01;35:*.jpg=01;35:*.jpeg=01;35:*.mjpg=01;35:*.mjpeg=01;35:*.gif=01;35:*.bmp=01;35:*.pbm=01;35:*.pgm=01;35:*.ppm=01;35:*.tga=01;35:*.xbm=01;35:*.xpm=01;35:*.tif=01;35:*.tiff=01;35:*.png=01;35:*.svg=01;35:*.svgz=01;35:*.mng=01;35:*.pcx=01;35:*.mov=01;35:*.mpg=01;35:*.mpeg=01;35:*.m2v=01;35:*.mkv=01;35:*.webm=01;35:*.webp=01;35:*.ogm=01;35:*.mp4=01;35:*.m4v=01;35:*.mp4v=01;35:*.vob=01;35:*.qt=01;35:*.nuv=01;35:*.wmv=01;35:*.asf=01;35:*.rm=01;35:*.rmvb=01;35:*.flc=01;35:*.avi=01;35:*.fli=01;35:*.flv=01;35:*.gl=01;35:*.dl=01;35:*.xcf=01;35:*.xwd=01;35:*.yuv=01;35:*.cgm=01;35:*.emf=01;35:*.ogv=01;35:*.ogx=01;35:*.aac=00;36:*.au=00;36:*.flac=00;36:*.m4a=00;36:*.mid=00;36:*.midi=00;36:*.mka=00;36:*.mp3=00;36:*.mpc=00;36:*.ogg=00;36:*.ra=00;36:*.wav=00;36:*.oga=00;36:*.opus=00;36:*.spx=00;36:*.xspf=00;36:*~=00;90:*#=00;90:*.bak=00;90:*.crdownload=00;90:*.dpkg-dist=00;90:*.dpkg-new=00;90:*.dpkg-old=00;90:*.dpkg-tmp=00;90:*.old=00;90:*.orig=00;90:*.part=00;90:*.rej=00;90:*.rpmnew=00;90:*.rpmorig=00;90:*.rpmsave=00;90:*.swp=00;90:*.tmp=00;90:*.ucf-dist=00;90:*.ucf-new=00;90:*.ucf-old=00;90:",
      "LANG": "pt_PT.UTF-8",
      "HOME": "/home/fabio",
      "XDG_SESSION_TYPE": "tty",
      "LOGNAME": "fabio",
      "PWD": "/home/fabio/Publicsync/Backend",
      "SHELL": "/bin/bash"
    },
    "merge_logs": true,
    "vizion": true,
    "autostart": true,
    "autorestart": true,
    "watch": false,
    "instance_var": "NODE_APP_INSTANCE",
    "pmx": true,
    "automation": true,
    "treekill": true,
    "username": "fabio",
    "windowsHide": true,
    "kill_retry_time": 100
  },
  {
    "exit_code": 0,
    "version": "0.0.0",
    "unstable_restarts": 0,
    "restart_time": 1,
    "created_at": 1747166904294,
    "axm_dynamic": {},
    "axm_options": {},
    "axm_monitor": {},
    "axm_actions": [],
    "pm_uptime": 1747166904515,
    "status": "online",
    "unique_id": "63f97630-b569-44ec-8c7e-9ed46b16b705",
    "PM2_HOME": "/home/fabio/.pm2",
    "PM2_USAGE": "CLI",
    "_": "/usr/local/bin/pm2",
    "OLDPWD": "/home/fabio/Publicsync/Frontend",
    "SSH_TTY": "/dev/pts/0",
    "DBUS_SESSION_BUS_ADDRESS": "unix:path=/run/user/1000/bus",
    "PATH": "/home/fabio/Publicsync/Backend/venv/bin:/usr/local/sbin:/usr/local/bin:/usr/sbin:/usr/bin:/sbin:/bin:/usr/games:/usr/local/games:/snap/bin",
    "XDG_DATA_DIRS": "/usr/local/share:/usr/share:/var/lib/snapd/desktop",
    "SSH_CLIENT": "192.168.0.24 60396 22",
    "PS1": "(venv) \\[\\e]0;\\u@\\h: \\w\\a\\]${debian_chroot:+($debian_chroot)}\\[\\033[01;32m\\]\\u@\\h\\[\\033[00m\\]:\\[\\033[01;34m\\]\\w\\[\\033[00m\\]\\$ ",
    "XDG_RUNTIME_DIR": "/run/user/1000",
    "VIRTUAL_ENV_PROMPT": "venv",
    "XDG_SESSION_ID": "1",
    "SHLVL": "1",
    "USER": "fabio",
    "LESSOPEN": "| /usr/bin/lesspipe %s",
    "TERM": "xterm-256color",
    "XDG_SESSION_CLASS": "user",
    "LESSCLOSE": "/usr/bin/lesspipe %s %s",
    "SSH_CONNECTION": "192.168.0.24 60396 192.168.0.5 22",
    "VIRTUAL_ENV": "/home/fabio/Publicsync/Backend/venv",
    "LS_COLORS": "rs=0:di=01;34:ln=01;36:mh=00:pi=40;33:so=01;35:do=01;35:bd=40;33;01:cd=40;33;01:or=40;31;01:mi=00:su=37;41:sg=30;43:ca=00:tw=30;42:ow=34;42:st=37;44:ex=01;32:*.tar=01;31:*.tgz=01;31:*.arc=01;31:*.arj=01;31:*.taz=01;31:*.lha=01;31:*.lz4=01;31:*.lzh=01;31:*.lzma=01;31:*.tlz=01;31:*.txz=01;31:*.tzo=01;31:*.t7z=01;31:*.zip=01;31:*.z=01;31:*.dz=01;31:*.gz=01;31:*.lrz=01;31:*.lz=01;31:*.lzo=01;31:*.xz=01;31:*.zst=01;31:*.tzst=01;31:*.bz2=01;31:*.bz=01;31:*.tbz=01;31:*.tbz2=01;31:*.tz=01;31:*.deb=01;31:*.rpm=01;31:*.jar=01;31:*.war=01;31:*.ear=01;31:*.sar=01;31:*.rar=01;31:*.alz=01;31:*.ace=01;31:*.zoo=01;31:*.cpio=01;31:*.7z=01;31:*.rz=01;31:*.cab=01;31:*.wim=01;31:*.swm=01;31:*.dwm=01;31:*.esd=01;31:*.avif=01;35:*.jpg=01;35:*.jpeg=01;35:*.mjpg=01;35:*.mjpeg=01;35:*.gif=01;35:*.bmp=01;35:*.pbm=01;35:*.pgm=01;35:*.ppm=01;35:*.tga=01;35:*.xbm=01;35:*.xpm=01;35:*.tif=01;35:*.tiff=01;35:*.png=01;35:*.svg=01;35:*.svgz=01;35:*.mng=01;35:*.pcx=01;35:*.mov=01;35:*.mpg=01;35:*.mpeg=01;35:*.m2v=01;35:*.mkv=01;35:*.webm=01;35:*.webp=01;35:*.ogm=01;35:*.mp4=01;35:*.m4v=01;35:*.mp4v=01;35:*.vob=01;35:*.qt=01;35:*.nuv=01;35:*.wmv=01;35:*.asf=01;35:*.rm=01;35:*.rmvb=01;35:*.flc=01;35:*.avi=01;35:*.fli=01;35:*.flv=01;35:*.gl=01;35:*.dl=01;35:*.xcf=01;35:*.xwd=01;35:*.yuv=01;35:*.cgm=01;35:*.emf=01;35:*.ogv=01;35:*.ogx=01;35:*.aac=00;36:*.au=00;36:*.flac=00;36:*.m4a=00;36:*.mid=00;36:*.midi=00;36:*.mka=00;36:*.mp3=00;36:*.mpc=00;36:*.ogg=00;36:*.ra=00;36:*.wav=00;36:*.oga=00;36:*.opus=00;36:*.spx=00;36:*.xspf=00;36:*~=00;90:*#=00;90:*.bak=00;90:*.crdownload=00;90:*.dpkg-dist=00;90:*.dpkg-new=00;90:*.dpkg-old=00;90:*.dpkg-tmp=00;90:*.old=00;90:*.orig=00;90:*.part=00;90:*.rej=00;90:*.rpmnew=00;90:*.rpmorig=00;90:*.rpmsave=00;90:*.swp=00;90:*.tmp=00;90:*.ucf-dist=00;90:*.ucf-new=00;90:*.ucf-old=00;90:",
    "LANG": "pt_PT.UTF-8",
    "HOME": "/home/fabio",
    "XDG_SESSION_TYPE": "tty",
    "LOGNAME": "fabio",
    "PWD": "/home/fabio/Publicsync/Frontend",
    "SHELL": "/bin/bash",
    "NODE_APP_INSTANCE": 0,
    "vizion_running": false,
    "km_link": false,
    "pm_pid_path": "/home/fabio/.pm2/pids/frontend-publi-6.pid",
    "pm_err_log_path": "/home/fabio/.pm2/logs/frontend-publi-error.log",
    "pm_out_log_path": "/home/fabio/.pm2/logs/frontend-publi-out.log",
    "exec_mode": "fork_mode",
    "exec_interpreter": "bash",
    "pm_cwd": "/home/fabio/Publicsync/Frontend",
    "pm_exec_path": "/home/fabio/Publicsync/Frontend/start_frontend.sh",
    "node_args": [],
    "name": "frontend-publi",
    "filter_env": [],
    "namespace": "default",
    "env": {
      "unique_id": "63f97630-b569-44ec-8c7e-9ed46b16b705",
      "frontend-publi": {},
      "PM2_HOME": "/home/fabio/.pm2",
      "PM2_USAGE": "CLI",
      "_": "/usr/local/bin/pm2",
      "OLDPWD": "/home/fabio/Publicsync/Frontend",
      "SSH_TTY": "/dev/pts/0",
      "DBUS_SESSION_BUS_ADDRESS": "unix:path=/run/user/1000/bus",
      "PATH": "/home/fabio/Publicsync/Backend/venv/bin:/usr/local/sbin:/usr/local/bin:/usr/sbin:/usr/bin:/sbin:/bin:/usr/games:/usr/local/games:/snap/bin",
      "XDG_DATA_DIRS": "/usr/local/share:/usr/share:/var/lib/snapd/desktop",
      "SSH_CLIENT": "192.168.0.24 60396 22",
      "PS1": "(venv) \\[\\e]0;\\u@\\h: \\w\\a\\]${debian_chroot:+($debian_chroot)}\\[\\033[01;32m\\]\\u@\\h\\[\\033[00m\\]:\\[\\033[01;34m\\]\\w\\[\\033[00m\\]\\$ ",
      "XDG_RUNTIME_DIR": "/run/user/1000",
      "VIRTUAL_ENV_PROMPT": "venv",
      "XDG_SESSION_ID": "1",
      "SHLVL": "1",
      "USER": "fabio",
      "LESSOPEN": "| /usr/bin/lesspipe %s",
      "TERM": "xterm-256color",
      "XDG_SESSION_CLASS": "user",
      "LESSCLOSE": "/usr/bin/lesspipe %s %s",
      "SSH_CONNECTION": "192.168.0.24 60396 192.168.0.5 22",
      "VIRTUAL_ENV": "/home/fabio/Publicsync/Backend/venv",
      "LS_COLORS": "rs=0:di=01;34:ln=01;36:mh=00:pi=40;33:so=01;35:do=01;35:bd=40;33;01:cd=40;33;01:or=40;31;01:mi=00:su=37;41:sg=30;43:ca=00:tw=30;42:ow=34;42:st=37;44:ex=01;32:*.tar=01;31:*.tgz=01;31:*.arc=01;31:*.arj=01;31:*.taz=01;31:*.lha=01;31:*.lz4=01;31:*.lzh=01;31:*.lzma=01;31:*.tlz=01;31:*.txz=01;31:*.tzo=01;31:*.t7z=01;31:*.zip=01;31:*.z=01;31:*.dz=01;31:*.gz=01;31:*.lrz=01;31:*.lz=01;31:*.lzo=01;31:*.xz=01;31:*.zst=01;31:*.tzst=01;31:*.bz2=01;31:*.bz=01;31:*.tbz=01;31:*.tbz2=01;31:*.tz=01;31:*.deb=01;31:*.rpm=01;31:*.jar=01;31:*.war=01;31:*.ear=01;31:*.sar=01;31:*.rar=01;31:*.alz=01;31:*.ace=01;31:*.zoo=01;31:*.cpio=01;31:*.7z=01;31:*.rz=01;31:*.cab=01;31:*.wim=01;31:*.swm=01;31:*.dwm=01;31:*.esd=01;31:*.avif=01;35:*.jpg=01;35:*.jpeg=01;35:*.mjpg=01;35:*.mjpeg=01;35:*.gif=01;35:*.bmp=01;35:*.pbm=01;35:*.pgm=01;35:*.ppm=01;35:*.tga=01;35:*.xbm=01;35:*.xpm=01;35:*.tif=01;35:*.tiff=01;35:*.png=01;35:*.svg=01;35:*.svgz=01;35:*.mng=01;35:*.pcx=01;35:*.mov=01;35:*.mpg=01;35:*.mpeg=01;35:*.m2v=01;35:*.mkv=01;35:*.webm=01;35:*.webp=01;35:*.ogm=01;35:*.mp4=01;35:*.m4v=01;35:*.mp4v=01;35:*.vob=01;35:*.qt=01;35:*.nuv=01;35:*.wmv=01;35:*.asf=01;35:*.rm=01;35:*.rmvb=01;35:*.flc=01;35:*.avi=01;35:*.fli=01;35:*.flv=01;35:*.gl=01;35:*.dl=01;35:*.xcf=01;35:*.xwd=01;35:*.yuv=01;35:*.cgm=01;35:*.emf=01;35:*.ogv=01;35:*.ogx=01;35:*.aac=00;36:*.au=00;36:*.flac=00;36:*.m4a=00;36:*.mid=00;36:*.midi=00;36:*.mka=00;36:*.mp3=00;36:*.mpc=00;36:*.ogg=00;36:*.ra=00;36:*.wav=00;36:*.oga=00;36:*.opus=00;36:*.spx=00;36:*.xspf=00;36:*~=00;90:*#=00;90:*.bak=00;90:*.crdownload=00;90:*.dpkg-dist=00;90:*.dpkg-new=00;90:*.dpkg-old=00;90:*.dpkg-tmp=00;90:*.old=00;90:*.orig=00;90:*.part=00;90:*.rej=00;90:*.rpmnew=00;90:*.rpmorig=00;90:*.rpmsave=00;90:*.swp=00;90:*.tmp=00;90:*.ucf-dist=00;90:*.ucf-new=00;90:*.ucf-old=00;90:",
      "LANG": "pt_PT.UTF-8",
      "HOME": "/home/fabio",
      "XDG_SESSION_TYPE": "tty",
      "LOGNAME": "fabio",
      "PWD": "/home/fabio/Publicsync/Frontend",
      "SHELL": "/bin/bash"
    },
    "merge_logs": true,
    "vizion": true,
    "autostart": true,
    "autorestart": true,
    "watch": false,
    "instance_var": "NODE_APP_INSTANCE",
    "pmx": true,
    "automation": true,
    "treekill": true,
    "username": "fabio",
    "windowsHide": true,
    "kill_retry_time": 100
  }
]